id,firstName,lastName,email,gender,ip_address
1,Alameda,Brewett,abrewett0@google.co.uk,Female,211.75.23.145
2,Ellynn,Grzesiewicz,egrzesiewicz1@amazon.de,Female,209.156.88.78
3,Chilton,Matzel,cmatzel2@ehow.com,Male,0.16.88.153
4,Myrtle,Kubiak,mkubiak3@shinystat.com,Female,39.162.27.139
5,Dosi,Cassley,dcassley4@reference.com,Female,13.179.19.135
6,Charmine,Roelofs,croelofs5@webeden.co.uk,Female,216.31.115.159
7,Renard,Slowly,rslowly6@ca.gov,Male,4.41.224.243
8,Thorpe,Jurkiewicz,tjurkiewicz7@about.com,Male,133.247.185.137
9,Jae,Wilprecht,jwilprecht8@army.mil,Male,152.196.124.182
10,Rheta,Cordaroy,rcordaroy9@amazonaws.com,Female,201.172.249.164
11,Willis,Simonelli,wsimonellia@telegraph.co.uk,Male,113.229.192.45
12,Bonita,Perkinson,bperkinsonb@google.nl,Female,187.106.38.209
13,Georg,Dennistoun,gdennistounc@lulu.com,Male,135.89.253.49
14,Fergus,McWhinnie,fmcwhinnied@samsung.com,Genderfluid,163.57.141.26
15,Sloane,Larcombe,slarcombee@liveinternet.ru,Male,37.104.1.130
16,Lucas,Deners,ldenersf@digg.com,Male,0.192.230.214
17,Dex,McIndoe,dmcindoeg@samsung.com,Male,11.167.136.240
18,Emelyne,Shorbrook,eshorbrookh@mac.com,Female,166.145.84.184
19,Benedikt,Peebles,bpeeblesi@auda.org.au,Male,246.147.132.76
20,Gerardo,Manchett,gmanchettj@tripod.com,Male,215.58.87.21
21,Orville,Ronaghan,oronaghank@goodreads.com,Male,241.97.112.215
22,Dorette,Moxom,dmoxoml@usda.gov,Female,181.220.44.31
23,Gale,Herreran,gherreranm@squidoo.com,Agender,127.3.28.162
24,Marketa,Mc Elory,mmceloryn@mysql.com,Female,213.197.64.170
25,Devonna,Kearn,dkearno@nifty.com,Female,178.217.117.227
26,Eveline,Boullen,eboullenp@homestead.com,Female,77.90.46.228
27,Grace,Rozet,grozetq@dedecms.com,Male,172.95.40.173
28,Gamaliel,Bollin,gbollinr@ifeng.com,Male,64.90.22.154
29,Melony,Davidowsky,mdavidowskys@over-blog.com,Female,130.23.137.150
30,Tibold,Asel,taselt@boston.com,Male,154.33.120.212
31,Napoleon,Stroud,nstroudu@theatlantic.com,Male,100.143.24.187
32,Stevie,Leemans,sleemansv@paypal.com,Male,240.130.14.13
33,Valerye,Courcey,vcourceyw@cargocollective.com,Female,72.237.152.249
34,Christiano,Yakobowitz,cyakobowitzx@51.la,Male,192.123.220.36
35,Delbert,Enrdigo,denrdigoy@oracle.com,Male,85.227.183.66
36,Bucky,Headford,bheadfordz@bizjournals.com,Male,86.58.0.78
37,Tani,Hopfer,thopfer10@csmonitor.com,Female,2.177.114.235
38,Merrill,Corrin,mcorrin11@exblog.jp,Female,161.168.251.89
39,Mahmoud,Townley,mtownley12@uiuc.edu,Male,142.33.74.86
40,Roy,Pugh,rpugh13@a8.net,Male,52.120.86.178
41,Kristan,Wabb,kwabb14@unblog.fr,Female,4.192.143.91
42,Serge,Boosey,sboosey15@is.gd,Male,144.239.130.19
43,Johnnie,Chantree,jchantree16@edublogs.org,Male,59.94.183.51
44,Ardis,Girk,agirk17@ucsd.edu,Female,122.226.97.187
45,Jen,Leal,jleal18@hp.com,Female,190.159.55.231
46,Tammara,Quirk,tquirk19@opera.com,Female,190.207.182.214
47,Jorey,Playfair,jplayfair1a@newsvine.com,Female,18.29.99.220
48,Nedi,Cough,ncough1b@ihg.com,Female,58.218.66.88
49,Selia,Piscopiello,spiscopiello1c@yahoo.co.jp,Female,76.25.22.61
50,Shelia,Keuneke,skeuneke1d@godaddy.com,Female,136.191.76.185
51,Felicio,Adriaan,fadriaan1e@abc.net.au,Male,121.199.38.120
52,Siobhan,Pithcock,spithcock1f@com.com,Female,187.77.155.87
53,Gaye,Titterton,gtitterton1g@who.int,Female,48.232.176.119
54,Adelina,Beatty,abeatty1h@nifty.com,Female,28.108.29.226
55,Forbes,Spiring,fspiring1i@google.de,Male,97.246.9.85
56,Laura,Burchmore,lburchmore1j@patch.com,Female,123.62.246.53
57,Crystal,Felce,cfelce1k@macromedia.com,Female,112.8.35.210
58,Dorey,Bothe,dbothe1l@jugem.jp,Genderfluid,34.250.194.41
59,Maybelle,Cossell,mcossell1m@jugem.jp,Female,161.120.103.235
60,Oliver,Aslen,oaslen1n@google.com,Male,44.151.97.79
61,Nichol,Wickins,nwickins1o@github.com,Female,201.28.195.76
62,Nanon,Pauli,npauli1p@weather.com,Female,85.55.83.204
63,Gabi,Symcoxe,gsymcoxe1q@usatoday.com,Female,231.216.15.224
64,Rufe,Jarry,rjarry1r@soundcloud.com,Male,80.226.90.25
65,Gerrie,Males,gmales1s@stanford.edu,Male,133.211.32.13
66,Bard,Kuhn,bkuhn1t@hhs.gov,Male,133.126.208.59
67,Stanton,Dacca,sdacca1u@sakura.ne.jp,Genderfluid,235.72.56.232
68,Perry,Goodfellow,pgoodfellow1v@huffingtonpost.com,Male,158.74.169.214
69,Giulia,Sked,gsked1w@weather.com,Female,236.233.38.248
70,Emlynne,Siddeley,esiddeley1x@people.com.cn,Female,242.121.1.176
71,Sara-ann,Grannell,sgrannell1y@google.nl,Female,74.96.18.22
72,Rudy,Aspray,raspray1z@plala.or.jp,Male,157.227.218.140
73,Kimmi,Ranking,kranking20@theguardian.com,Female,64.24.114.195
74,Dalton,Hendrickx,dhendrickx21@amazonaws.com,Male,230.220.173.209
75,Catrina,Astill,castill22@foxnews.com,Agender,218.81.94.166
76,Issie,Wards,iwards23@ca.gov,Female,246.60.55.249
77,Hermione,Heddon,hheddon24@npr.org,Female,73.29.221.17
78,Saundra,Capinetti,scapinetti25@businesswire.com,Male,10.93.57.200
79,Giff,McClean,gmcclean26@pinterest.com,Male,7.207.41.184
80,Koenraad,Dargie,kdargie27@sakura.ne.jp,Male,139.142.115.70
81,Eimile,MacGuigan,emacguigan28@epa.gov,Genderqueer,36.202.208.19
82,Danice,Tchaikovsky,dtchaikovsky29@intel.com,Female,219.193.146.214
83,Garvin,Trundler,gtrundler2a@seattletimes.com,Polygender,152.1.125.12
84,Avictor,Scamel,ascamel2b@google.com.au,Male,210.120.119.72
85,Kiah,Swainson,kswainson2c@liveinternet.ru,Female,213.5.74.60
86,Major,Cardo,mcardo2d@discuz.net,Male,180.212.215.5
87,Stavros,Conduit,sconduit2e@youtu.be,Male,59.194.203.151
88,Nelson,Stripling,nstripling2f@myspace.com,Bigender,248.154.214.230
89,Renado,Balham,rbalham2g@shutterfly.com,Male,231.158.254.65
90,Dougy,Ponting,dponting2h@amazon.co.jp,Male,81.247.251.232
91,Mace,Prinn,mprinn2i@aboutads.info,Male,114.207.224.171
92,Leoine,Albiston,lalbiston2j@house.gov,Genderfluid,230.234.105.81
93,Jory,Attewill,jattewill2k@ycombinator.com,Male,186.149.117.227
94,Sharline,Coolson,scoolson2l@hud.gov,Female,2.175.241.197
95,Marge,Beakes,mbeakes2m@desdev.cn,Female,112.43.236.255
96,Isa,Sturte,isturte2n@geocities.jp,Male,217.190.108.106
97,Nikolia,Maypole,nmaypole2o@shop-pro.jp,Genderqueer,244.94.77.142
98,Morley,Langcastle,mlangcastle2p@scientificamerican.com,Male,45.222.133.102
99,Mitchael,Ravenshaw,mravenshaw2q@canalblog.com,Bigender,62.168.157.72
100,Gaylor,Gercke,ggercke2r@spiegel.de,Genderfluid,72.100.182.178
101,Jacinthe,Dri,jdri2s@wisc.edu,Female,39.220.237.126
102,Basil,Hurrell,bhurrell2t@nature.com,Male,151.142.21.192
103,Bone,Speke,bspeke2u@google.co.jp,Male,234.236.46.182
104,Jarrett,Argyle,jargyle2v@domainmarket.com,Male,233.229.18.179
105,Monika,Frayne,mfrayne2w@unblog.fr,Female,227.242.18.28
106,Beatrix,Ayllett,bayllett2x@senate.gov,Female,175.233.60.209
107,Georges,Tasch,gtasch2y@chron.com,Male,142.194.107.173
108,Gearalt,Caldaro,gcaldaro2z@facebook.com,Male,238.221.210.195
109,Pavlov,Castells,pcastells30@samsung.com,Male,44.38.53.127
110,Jay,Plevin,jplevin31@google.com,Male,171.172.83.13
111,Orel,Castille,ocastille32@mac.com,Female,255.191.239.139
112,Daloris,Glenton,dglenton33@icq.com,Female,202.205.6.21
113,Ingeborg,Wyatt,iwyatt34@nbcnews.com,Female,189.245.94.147
114,Kellsie,Jewsbury,kjewsbury35@squarespace.com,Female,243.27.163.199
115,Nadya,Neesam,nneesam36@zimbio.com,Female,29.217.218.65
116,Orel,Muino,omuino37@tinyurl.com,Female,36.247.93.110
117,Bron,Goad,bgoad38@ft.com,Male,232.56.156.20
118,Kaela,Ilyunin,kilyunin39@twitter.com,Female,49.13.253.214
119,Jammal,Ranklin,jranklin3a@wiley.com,Male,22.171.222.100
120,Henri,Stithe,hstithe3b@artisteer.com,Non-binary,219.50.4.238
121,Ceciley,Skittle,cskittle3c@stumbleupon.com,Female,208.52.28.86
122,Travus,Peffer,tpeffer3d@i2i.jp,Male,188.57.146.8
123,Emlynn,Huguet,ehuguet3e@narod.ru,Female,191.94.135.42
124,Chrissie,Gregoraci,cgregoraci3f@discuz.net,Male,170.138.61.22
125,Leif,Pardie,lpardie3g@diigo.com,Male,232.148.181.82
126,Poul,Fontaine,pfontaine3h@imdb.com,Male,106.86.106.131
127,Antony,Lightbody,alightbody3i@amazonaws.com,Male,186.30.251.13
128,Willie,Cornbell,wcornbell3j@chron.com,Male,194.88.137.1
129,Alane,Cocci,acocci3k@economist.com,Female,246.109.23.46
130,Lorelei,Lydden,llydden3l@google.co.uk,Female,153.27.126.25
131,Langsdon,Lawtey,llawtey3m@goo.gl,Male,13.255.26.157
132,Tobe,Attack,tattack3n@upenn.edu,Male,224.165.131.253
133,Johan,Cisson,jcisson3o@shinystat.com,Male,110.97.154.77
134,Helli,Kleinstein,hkleinstein3p@wunderground.com,Female,207.216.101.37
135,Ignatius,Marion,imarion3q@imdb.com,Male,207.211.13.185
136,Howey,Morsom,hmorsom3r@zimbio.com,Male,176.11.109.197
137,Tracy,Mounter,tmounter3s@youtube.com,Male,170.105.214.219
138,Franny,Banbrigge,fbanbrigge3t@nyu.edu,Female,190.235.168.235
139,Sarge,Guion,sguion3u@go.com,Male,237.132.226.170
140,Salvatore,Pook,spook3v@themeforest.net,Male,191.159.178.138
141,Cassie,Earwaker,cearwaker3w@hatena.ne.jp,Female,44.152.44.198
142,Roderigo,Codlin,rcodlin3x@ow.ly,Genderqueer,154.222.81.175
143,Corabel,Edkins,cedkins3y@zdnet.com,Female,63.121.17.41
144,Boycey,Gavey,bgavey3z@fda.gov,Male,20.37.221.10
145,Zach,De Mattia,zdemattia40@microsoft.com,Male,140.228.103.211
146,Eugen,O'Callaghan,eocallaghan41@hc360.com,Male,164.139.129.24
147,Adelle,Stalf,astalf42@dagondesign.com,Female,173.83.110.98
148,Katina,Cossington,kcossington43@netlog.com,Female,70.118.223.101
149,Sheilah,Barkes,sbarkes44@buzzfeed.com,Bigender,198.16.197.57
150,Annis,Fell,afell45@aboutads.info,Female,242.97.49.129
151,Ruben,Wythill,rwythill46@ow.ly,Male,208.99.214.197
152,Bunnie,Caughey,bcaughey47@china.com.cn,Female,11.45.35.212
153,Archaimbaud,Lapre,alapre48@reddit.com,Male,186.7.175.81
154,Nathanil,Oldmeadow,noldmeadow49@noaa.gov,Male,6.131.54.37
155,Georgia,Rowlings,growlings4a@reverbnation.com,Female,186.203.89.110
156,Tremaine,Edmonds,tedmonds4b@naver.com,Male,168.31.138.134
157,Mar,Vuitton,mvuitton4c@zdnet.com,Male,126.31.210.69
158,Guendolen,Hoogendorp,ghoogendorp4d@newyorker.com,Female,58.115.151.91
159,Lammond,Fairney,lfairney4e@ucoz.com,Male,231.155.212.53
160,Reinhard,Dannatt,rdannatt4f@latimes.com,Male,45.238.73.210
161,Mella,Tomblett,mtomblett4g@etsy.com,Female,255.8.201.41
162,Lay,Brooksby,lbrooksby4h@earthlink.net,Male,126.87.221.53
163,Goraud,Cracknell,gcracknell4i@ameblo.jp,Male,129.223.236.214
164,Alano,Mayhow,amayhow4j@scientificamerican.com,Polygender,169.198.228.96
165,Andrei,Orteaux,aorteaux4k@washingtonpost.com,Female,230.94.189.215
166,Elka,Yoodall,eyoodall4l@cdbaby.com,Female,49.217.125.180
167,Paten,Pococke,ppococke4m@cnet.com,Male,166.234.72.181
168,Bendix,Enocksson,benocksson4n@umn.edu,Male,11.223.105.23
169,Benito,Shorland,bshorland4o@pen.io,Polygender,7.117.249.156
170,Grady,Gater,ggater4p@mysql.com,Male,237.0.219.68
171,Boot,Kennaird,bkennaird4q@netvibes.com,Male,38.35.254.92
172,Morissa,Mander,mmander4r@icq.com,Female,8.61.128.101
173,Lucinda,Knapper,lknapper4s@seesaa.net,Female,227.218.251.184
174,Vinnie,Flello,vflello4t@fda.gov,Female,26.145.215.29
175,Tabbitha,Berthome,tberthome4u@imageshack.us,Female,114.82.7.235
176,Piotr,Charge,pcharge4v@gov.uk,Male,120.211.82.212
177,Ragnar,Hawkins,rhawkins4w@amazon.com,Male,1.18.187.189
178,Asa,Sisey,asisey4x@g.co,Male,154.18.96.182
179,Abbott,Castillou,acastillou4y@geocities.com,Male,59.144.164.46
180,Ashlee,Finnick,afinnick4z@ebay.com,Female,191.62.152.226
181,Min,Pinchbeck,mpinchbeck50@stanford.edu,Female,32.234.87.154
182,Emelyne,Espley,eespley51@java.com,Female,181.134.86.24
183,Tessie,Huttley,thuttley52@hatena.ne.jp,Female,95.192.189.31
184,Dieter,Childrens,dchildrens53@cbsnews.com,Male,43.133.249.124
185,Elmore,Cragell,ecragell54@techcrunch.com,Male,226.114.60.245
186,Hanni,Tupie,htupie55@barnesandnoble.com,Female,39.202.153.93
187,Fina,Biddwell,fbiddwell56@so-net.ne.jp,Female,123.178.166.48
188,Emelen,Dering,edering57@google.com.br,Male,86.29.119.30
189,Julienne,Krammer,jkrammer58@i2i.jp,Female,230.191.206.50
190,Cal,McLennan,cmclennan59@microsoft.com,Female,81.247.14.226
191,Odella,Rait,orait5a@webmd.com,Female,224.159.81.31
192,Byrann,Boys,bboys5b@nature.com,Male,35.227.181.144
193,Dierdre,Gouley,dgouley5c@scientificamerican.com,Female,133.22.117.46
194,Berti,Gerardeaux,bgerardeaux5d@apache.org,Female,207.143.123.85
195,Marne,Halsall,mhalsall5e@networkadvertising.org,Female,250.46.161.223
196,Thomasin,Nimmo,tnimmo5f@sun.com,Female,226.53.150.0
197,Danny,Philipot,dphilipot5g@japanpost.jp,Agender,46.122.158.54
198,Isis,Goodwill,igoodwill5h@discovery.com,Female,225.13.25.72
199,Cyrille,Sumers,csumers5i@taobao.com,Male,74.4.67.24
200,Calla,Cuthbert,ccuthbert5j@smugmug.com,Bigender,80.91.54.102
201,Brandyn,MacBean,bmacbean5k@youtube.com,Male,251.28.172.4
202,Aron,Dessant,adessant5l@narod.ru,Male,146.161.161.125
203,Charlton,Stickford,cstickford5m@cornell.edu,Male,153.146.142.29
204,Honey,Bresnahan,hbresnahan5n@symantec.com,Female,19.32.252.207
205,Harvey,Jacobs,hjacobs5o@alexa.com,Male,40.197.196.75
206,Stanislas,Leyman,sleyman5p@amazon.de,Male,85.29.250.156
207,Goldi,Witsey,gwitsey5q@hatena.ne.jp,Female,76.11.5.220
208,Durante,Baudinet,dbaudinet5r@yellowpages.com,Male,21.219.6.208
209,Olympia,Hoyland,ohoyland5s@xrea.com,Female,109.233.34.210
210,Shurwood,Andrzejak,sandrzejak5t@barnesandnoble.com,Male,205.23.217.227
211,Aristotle,Behninck,abehninck5u@imageshack.us,Male,246.183.153.184
212,Kessiah,Crutcher,kcrutcher5v@rediff.com,Female,240.103.135.0
213,Germain,Gomar,ggomar5w@craigslist.org,Female,35.136.106.93
214,Korney,Yanez,kyanez5x@zdnet.com,Female,74.252.49.65
215,Anette,Dumbleton,adumbleton5y@ibm.com,Female,131.100.111.140
216,Waylen,Davis,wdavis5z@blogs.com,Male,199.18.203.84
217,Skipp,Imesen,simesen60@theglobeandmail.com,Male,212.3.71.168
218,Romy,Rycraft,rrycraft61@goo.gl,Female,145.1.121.42
219,Erina,Berks,eberks62@symantec.com,Female,50.237.208.116
220,Rosaline,Spurdens,rspurdens63@google.ru,Female,118.29.11.39
221,Brody,Sparrowe,bsparrowe64@bravesites.com,Male,25.6.103.13
222,Constancia,Beevors,cbeevors65@narod.ru,Female,169.226.144.220
223,Gabrielle,Grigorescu,ggrigorescu66@elpais.com,Female,243.41.129.27
224,Mireille,MacNamara,mmacnamara67@wsj.com,Female,199.14.87.3
225,Eliza,Jelk,ejelk68@spotify.com,Female,18.173.235.227
226,Elisabeth,Holston,eholston69@narod.ru,Female,100.130.43.65
227,Ede,Mellmoth,emellmoth6a@barnesandnoble.com,Female,200.195.119.95
228,Nerita,Tampling,ntampling6b@weather.com,Female,127.16.109.27
229,Juli,Djurevic,jdjurevic6c@census.gov,Female,48.214.188.15
230,Brocky,Lammerts,blammerts6d@cbc.ca,Male,6.219.191.184
231,Darin,Sandifer,dsandifer6e@patch.com,Male,130.68.146.91
232,Rosemarie,Jennick,rjennick6f@ning.com,Female,92.42.159.143
233,Cody,Ferrulli,cferrulli6g@google.pl,Female,24.39.53.5
234,Fanchette,Beeby,fbeeby6h@wisc.edu,Female,28.206.250.241
235,Armin,Crocker,acrocker6i@aboutads.info,Male,154.146.125.198
236,Jonathan,Seabrooke,jseabrooke6j@webeden.co.uk,Male,182.6.165.87
237,Orrin,Jurn,ojurn6k@biglobe.ne.jp,Male,128.92.253.109
238,Waiter,MacRonald,wmacronald6l@xinhuanet.com,Male,166.26.220.65
239,Gweneth,Karlik,gkarlik6m@state.gov,Polygender,114.176.217.50
240,Car,Beddo,cbeddo6n@gmpg.org,Male,109.157.6.200
241,Dominik,Kenrack,dkenrack6o@ocn.ne.jp,Male,114.184.171.0
242,Dorene,Speake,dspeake6p@ed.gov,Female,134.31.251.6
243,Allayne,Barradell,abarradell6q@oakley.com,Male,12.99.85.200
244,Fleur,Mechell,fmechell6r@histats.com,Female,7.137.96.89
245,Matilda,Yurygyn,myurygyn6s@linkedin.com,Female,158.1.77.94
246,Serge,Tysall,stysall6t@economist.com,Male,159.150.223.177
247,Stanislas,Barnicott,sbarnicott6u@sciencedirect.com,Bigender,44.167.222.172
248,Rafael,Mayston,rmayston6v@yahoo.co.jp,Bigender,248.72.9.60
249,Page,Lackney,plackney6w@themeforest.net,Female,204.213.167.121
250,Edy,Banbury,ebanbury6x@wikia.com,Female,98.195.145.152
251,Clotilda,Hellmer,chellmer6y@issuu.com,Agender,65.149.26.248
252,Link,Evitt,levitt6z@ca.gov,Male,146.70.146.181
253,Florian,Busswell,fbusswell70@ehow.com,Male,124.193.222.194
254,Magnum,Lapwood,mlapwood71@psu.edu,Male,31.111.221.216
255,Ugo,Wannan,uwannan72@biblegateway.com,Male,150.95.119.134
256,Dawn,Espinheira,despinheira73@springer.com,Female,230.167.130.222
257,Winny,Stanex,wstanex74@gizmodo.com,Female,105.19.165.51
258,Leia,Blount,lblount75@ucoz.com,Female,240.115.84.100
259,Gale,Grisenthwaite,ggrisenthwaite76@ifeng.com,Female,60.241.93.21
260,Lucias,Rippon,lrippon77@linkedin.com,Male,232.244.234.129
261,Tess,Pickerill,tpickerill78@addthis.com,Female,42.86.69.88
262,Howard,Mattisson,hmattisson79@wikipedia.org,Male,102.213.136.223
263,Ursula,Peake,upeake7a@addthis.com,Female,207.222.84.135
264,Marcellina,Brizell,mbrizell7b@theguardian.com,Female,175.236.73.196
265,Janet,Sirr,jsirr7c@addthis.com,Female,82.102.89.11
266,Tyne,Taylour,ttaylour7d@ft.com,Female,111.236.85.127
267,Pail,Bowyer,pbowyer7e@delicious.com,Male,81.136.203.219
268,Fancy,Espinet,fespinet7f@jiathis.com,Female,188.78.185.216
269,Jennifer,Callander,jcallander7g@ibm.com,Female,99.207.136.159
270,Terry,Cleeton,tcleeton7h@qq.com,Female,152.63.64.188
271,Micaela,Olrenshaw,molrenshaw7i@t.co,Female,103.56.250.186
272,Tab,Gilford,tgilford7j@i2i.jp,Male,193.65.184.242
273,Lilla,Haddick,lhaddick7k@a8.net,Female,216.8.1.71
274,Devy,Pountain,dpountain7l@tmall.com,Male,151.45.114.233
275,Woodie,Iacoboni,wiacoboni7m@dailymotion.com,Male,150.169.162.158
276,Verla,Woolward,vwoolward7n@phpbb.com,Female,87.194.225.45
277,Georgi,Birk,gbirk7o@ow.ly,Male,131.182.112.129
278,Allard,Lines,alines7p@imdb.com,Genderqueer,205.229.212.246
279,Alva,Baldin,abaldin7q@bloomberg.com,Male,42.161.172.9
280,Sallyanne,Biswell,sbiswell7r@storify.com,Female,23.55.151.68
281,Bryan,Sulland,bsulland7s@clickbank.net,Male,241.39.217.214
282,Bren,Paulou,bpaulou7t@comcast.net,Male,209.237.84.217
283,Hagen,Quaife,hquaife7u@taobao.com,Male,242.189.246.235
284,Art,Baines,abaines7v@upenn.edu,Male,31.66.35.117
285,Justino,McGlynn,jmcglynn7w@soundcloud.com,Male,183.224.55.225
286,Kimberlee,Coker,kcoker7x@shutterfly.com,Female,184.83.205.158
287,Mercie,Blakeston,mblakeston7y@nbcnews.com,Female,45.210.64.177
288,Stefanie,Matthewson,smatthewson7z@merriam-webster.com,Female,63.207.89.79
289,Augustina,De Paoli,adepaoli80@vk.com,Female,11.144.168.63
290,Leoline,Luigi,lluigi81@businessweek.com,Female,178.166.36.202
291,Miller,Castelain,mcastelain82@networksolutions.com,Male,205.9.188.245
292,Laurene,McWilliam,lmcwilliam83@ifeng.com,Non-binary,31.71.66.92
293,Geoff,Sparkes,gsparkes84@rediff.com,Male,103.113.48.34
294,Adrianna,Fluger,afluger85@w3.org,Female,252.45.54.28
295,Farris,Ashard,fashard86@google.co.uk,Polygender,181.152.56.181
296,Mindy,Grzes,mgrzes87@time.com,Bigender,136.43.89.90
297,Alberto,Sidery,asidery88@yahoo.co.jp,Male,28.100.160.117
298,Brier,Collinge,bcollinge89@theguardian.com,Female,253.71.88.159
299,Pearce,Luparto,pluparto8a@yahoo.co.jp,Male,177.190.176.79
300,Gregorio,Frankes,gfrankes8b@walmart.com,Male,13.18.3.193
301,Rebekah,Northway,rnorthway8c@hud.gov,Female,105.233.185.131
302,Elden,Etuck,eetuck8d@slashdot.org,Polygender,190.148.10.59
303,Chloe,Gaitskill,cgaitskill8e@de.vu,Female,123.1.254.125
304,Ellswerth,Dupre,edupre8f@oaic.gov.au,Male,88.182.144.239
305,Alvy,Washtell,awashtell8g@cnn.com,Male,132.99.229.93
306,Sergeant,Kunc,skunc8h@walmart.com,Male,7.223.42.182
307,Merola,Straniero,mstraniero8i@livejournal.com,Female,206.217.152.221
308,Cordie,Blest,cblest8j@hc360.com,Genderqueer,0.16.50.254
309,Gay,Aleksashin,galeksashin8k@time.com,Male,196.93.33.115
310,Cornelius,Wallis,cwallis8l@cloudflare.com,Male,4.184.190.151
311,Sergeant,Murgatroyd,smurgatroyd8m@pagesperso-orange.fr,Male,71.144.48.182
312,Willi,Coton,wcoton8n@aboutads.info,Female,22.254.150.202
313,Felicity,Baldung,fbaldung8o@cpanel.net,Bigender,148.119.54.57
314,Haslett,Heatly,hheatly8p@webeden.co.uk,Male,29.22.141.141
315,Rikki,Marlow,rmarlow8q@ning.com,Male,15.157.201.106
316,Ax,Paddie,apaddie8r@bbc.co.uk,Male,210.142.86.91
317,Evangelina,Jurczak,ejurczak8s@google.com.au,Female,125.124.209.223
318,Ramona,Darrach,rdarrach8t@fotki.com,Female,134.204.156.247
319,Eveline,Pickworth,epickworth8u@disqus.com,Female,41.36.179.89
320,Nettie,Melbourn,nmelbourn8v@forbes.com,Female,148.62.29.209
321,Cathrin,Corkell,ccorkell8w@zdnet.com,Female,49.68.161.31
322,Glendon,Blasetti,gblasetti8x@rambler.ru,Male,179.157.253.136
323,Bertram,Oggers,boggers8y@usa.gov,Male,186.126.197.82
324,Carson,McGifford,cmcgifford8z@amazon.de,Male,39.102.80.1
325,Morgan,Lotte,mlotte90@who.int,Male,30.238.127.15
326,Gill,Lintin,glintin91@cam.ac.uk,Male,77.248.24.254
327,Pattin,Broader,pbroader92@wufoo.com,Male,174.147.223.254
328,Grete,Mateus,gmateus93@ted.com,Female,212.122.201.142
329,Karyl,Pegram,kpegram94@squarespace.com,Female,179.96.118.7
330,Hailee,Tidgewell,htidgewell95@facebook.com,Female,229.210.125.24
331,Scott,Everex,severex96@sogou.com,Male,91.147.197.244
332,Maxy,Baudinelli,mbaudinelli97@springer.com,Male,194.54.220.78
333,Darryl,Gerber,dgerber98@hatena.ne.jp,Female,70.171.189.255
334,Tybalt,Cakebread,tcakebread99@g.co,Male,167.74.250.237
335,Ezmeralda,Peeter,epeeter9a@auda.org.au,Female,30.216.36.74
336,Brittani,Aloshikin,baloshikin9b@utexas.edu,Female,35.119.121.146
337,Court,Fetterplace,cfetterplace9c@vkontakte.ru,Male,2.149.215.86
338,Esdras,Longland,elongland9d@reuters.com,Male,69.12.54.188
339,Hillel,Blackstock,hblackstock9e@is.gd,Male,6.165.127.84
340,Willie,Vouls,wvouls9f@dion.ne.jp,Non-binary,115.251.197.111
341,Aluin,Nobbs,anobbs9g@icq.com,Male,74.158.98.237
342,Arv,Bleacher,ableacher9h@networksolutions.com,Male,199.247.95.80
343,Regen,Jeanel,rjeanel9i@house.gov,Male,252.73.71.55
344,Mona,Batrip,mbatrip9j@prlog.org,Bigender,207.15.161.179
345,Osborne,Easterbrook,oeasterbrook9k@fotki.com,Male,16.8.183.209
346,Maurise,Boome,mboome9l@simplemachines.org,Female,228.25.0.154
347,Devina,Muldowney,dmuldowney9m@ebay.com,Female,189.190.207.44
348,Anni,Gorgler,agorgler9n@ed.gov,Female,217.251.158.20
349,Lyndsay,Glowinski,lglowinski9o@ow.ly,Female,46.252.223.248
350,Townie,Roland,troland9p@cafepress.com,Male,38.61.227.221
351,Barr,Lief,blief9q@sfgate.com,Male,45.80.134.5
352,Shanan,Gunning,sgunning9r@imageshack.us,Male,251.213.110.85
353,Misty,Greeves,mgreeves9s@abc.net.au,Female,2.135.40.214
354,Eldon,Liepmann,eliepmann9t@eventbrite.com,Non-binary,138.111.41.238
355,Maxie,Manshaw,mmanshaw9u@discuz.net,Male,32.2.177.229
356,Sig,MacNish,smacnish9v@java.com,Male,234.62.243.74
357,Mycah,Tegeller,mtegeller9w@weather.com,Male,136.30.8.81
358,Sofia,Huniwall,shuniwall9x@jugem.jp,Polygender,144.199.26.39
359,Micheline,Dahler,mdahler9y@arstechnica.com,Female,241.113.215.194
360,Elisabet,Kohring,ekohring9z@mediafire.com,Genderfluid,201.71.178.252
361,Cobb,Pickworth,cpickwortha0@4shared.com,Agender,130.62.192.99
362,Henrie,Foster,hfostera1@wordpress.org,Female,219.62.31.77
363,Avrom,Ingliby,ainglibya2@arizona.edu,Male,223.63.246.87
364,Moritz,Pighills,mpighillsa3@shinystat.com,Male,74.233.46.102
365,Rip,Eastwell,reastwella4@google.de,Male,100.206.195.46
366,Thelma,Sarrell,tsarrella5@weibo.com,Female,219.55.199.24
367,Kizzee,Blench,kblencha6@shop-pro.jp,Genderfluid,138.36.74.26
368,Kath,Trevan,ktrevana7@zimbio.com,Female,145.144.25.198
369,Barnebas,Sollitt,bsollitta8@pbs.org,Male,156.59.191.94
370,Hestia,Pulbrook,hpulbrooka9@ask.com,Female,132.87.156.51
371,Robinette,Livzey,rlivzeyaa@wired.com,Female,197.133.77.97
372,Nil,Michelmore,nmichelmoreab@google.nl,Male,145.51.125.22
373,Trace,Pickin,tpickinac@ebay.com,Male,100.136.11.63
374,Farr,Skoggins,fskogginsad@posterous.com,Male,0.50.200.158
375,Katti,Brotherhed,kbrotherhedae@baidu.com,Female,189.232.25.63
376,Ed,Leacy,eleacyaf@g.co,Male,68.144.71.75
377,Thia,Knewstub,tknewstubag@tuttocitta.it,Female,21.15.187.201
378,Mathilda,Sicily,msicilyah@purevolume.com,Female,50.210.138.3
379,Alexandre,Moyser,amoyserai@arizona.edu,Male,55.229.73.194
380,Ashton,Glede,agledeaj@nationalgeographic.com,Male,88.81.230.57
381,Chase,Flahive,cflahiveak@sun.com,Male,238.231.255.140
382,Linoel,Kosel,lkoselal@bizjournals.com,Male,114.243.54.239
383,Beau,Heugle,bheugleam@deviantart.com,Male,111.69.224.101
384,Baily,Macellar,bmacellaran@rediff.com,Male,236.19.90.148
385,Violet,Sahlstrom,vsahlstromao@theguardian.com,Female,90.101.131.193
386,Farra,Rosenwasser,frosenwasserap@networksolutions.com,Female,226.90.57.189
387,Gerick,Emptage,gemptageaq@360.cn,Male,90.103.51.210
388,Karlens,McIndrew,kmcindrewar@irs.gov,Male,170.62.87.74
389,Vonnie,Kavanagh,vkavanaghas@reverbnation.com,Female,142.213.229.222
390,Elka,Simmins,esimminsat@posterous.com,Female,255.216.227.248
391,Amye,Waterstone,awaterstoneau@arizona.edu,Female,83.239.1.165
392,Krysta,Wint,kwintav@home.pl,Female,76.66.160.161
393,Gunilla,Petre,gpetreaw@wsj.com,Female,137.92.246.7
394,Blayne,Sizeland,bsizelandax@php.net,Male,130.177.85.33
395,Ashton,Spinello,aspinelloay@google.cn,Male,215.93.47.40
396,Rania,Alderman,raldermanaz@ask.com,Female,119.123.28.151
397,Eunice,Pidwell,epidwellb0@dot.gov,Genderfluid,42.151.151.185
398,Sybil,Arnowicz,sarnowiczb1@ocn.ne.jp,Female,10.61.253.51
399,Lorie,Colecrough,lcolecroughb2@sohu.com,Female,204.158.153.80
400,Jerrold,Dean,jdeanb3@cnbc.com,Male,136.179.10.119
401,Denver,Studdeard,dstuddeardb4@storify.com,Male,128.114.136.107
402,Ingamar,McCarly,imccarlyb5@cbslocal.com,Male,108.61.72.20
403,Lionel,Howcroft,lhowcroftb6@soup.io,Male,229.50.101.123
404,Cary,Pyvis,cpyvisb7@people.com.cn,Male,14.206.55.25
405,Koral,Di Francesco,kdifrancescob8@reuters.com,Non-binary,82.19.88.58
406,Cart,Bend,cbendb9@nifty.com,Male,132.213.105.35
407,David,Curneen,dcurneenba@github.com,Male,148.17.57.253
408,Cale,Tilson,ctilsonbb@uiuc.edu,Male,100.180.3.236
409,Belle,Sibary,bsibarybc@de.vu,Female,188.108.16.53
410,Averyl,Cluderay,acluderaybd@gmpg.org,Female,72.217.143.149
411,Brenda,Blagbrough,bblagbroughbe@yelp.com,Polygender,228.85.187.177
412,Austin,Mordy,amordybf@home.pl,Female,73.175.166.174
413,Glendon,Yandle,gyandlebg@jigsy.com,Genderfluid,199.0.166.10
414,Bernice,Callingham,bcallinghambh@google.fr,Female,173.52.113.214
415,Judye,Litzmann,jlitzmannbi@webs.com,Female,153.140.132.227
416,Vivian,Bubbear,vbubbearbj@altervista.org,Female,255.39.0.157
417,Carleen,Chadd,cchaddbk@unesco.org,Genderfluid,18.195.143.154
418,Ilka,Ourry,iourrybl@opensource.org,Genderfluid,70.16.162.240
419,Adora,Crebo,acrebobm@loc.gov,Female,50.201.47.180
420,Kristos,Currer,kcurrerbn@sciencedirect.com,Male,178.12.142.228
421,Berna,O'Cuddie,bocuddiebo@bbb.org,Female,158.47.160.172
422,Arnold,Arnall,aarnallbp@flickr.com,Male,199.210.251.193
423,Scarlett,Labrenz,slabrenzbq@eepurl.com,Genderfluid,214.186.10.27
424,Alexandros,Kesby,akesbybr@flavors.me,Male,232.245.149.232
425,Moina,Trimmell,mtrimmellbs@google.ca,Female,5.222.8.240
426,Worth,Beswell,wbeswellbt@blogspot.com,Male,226.40.86.230
427,Lishe,McMurrugh,lmcmurrughbu@unicef.org,Female,43.225.45.98
428,Lyn,Belhomme,lbelhommebv@sitemeter.com,Female,37.67.109.188
429,Sara-ann,Van Dijk,svandijkbw@free.fr,Female,79.61.183.207
430,Cyndy,Soldner,csoldnerbx@nationalgeographic.com,Female,228.37.9.24
431,Bendix,Nobriga,bnobrigaby@hhs.gov,Male,4.249.117.127
432,Yetty,Daice,ydaicebz@qq.com,Female,43.215.112.218
433,Page,Jadczak,pjadczakc0@amazon.co.jp,Male,135.86.162.107
434,Donnie,Stratiff,dstratiffc1@dailymotion.com,Male,98.42.114.165
435,Daffy,Paterson,dpatersonc2@seattletimes.com,Female,230.137.160.45
436,Ainsley,Butterfill,abutterfillc3@live.com,Female,109.116.61.154
437,Orren,Lumpkin,olumpkinc4@opera.com,Male,20.86.4.142
438,Adlai,Wellfare,awellfarec5@wiley.com,Male,5.46.40.65
439,Yul,Signori,ysignoric6@weibo.com,Male,156.6.16.11
440,Abraham,Gunney,agunneyc7@go.com,Genderqueer,242.146.89.122
441,Audra,Brickell,abrickellc8@shinystat.com,Female,195.225.77.26
442,Iolanthe,Sim,isimc9@zdnet.com,Polygender,122.39.174.254
443,Amber,Longthorne,alongthorneca@sourceforge.net,Female,83.164.156.31
444,Yurik,Denyukin,ydenyukincb@homestead.com,Male,211.254.103.171
445,Sandy,Boog,sboogcc@netlog.com,Male,151.95.218.63
446,Armin,Pettigree,apettigreecd@narod.ru,Male,186.58.21.178
447,Lucila,Ravenscroftt,lravenscrofttce@google.com,Female,251.242.49.189
448,Normand,Wortman,nwortmancf@people.com.cn,Male,48.138.108.16
449,Bunni,Cannings,bcanningscg@naver.com,Female,132.158.158.255
450,Starlene,Walasik,swalasikch@angelfire.com,Female,12.226.8.243
451,Wolf,Brendel,wbrendelci@java.com,Male,79.243.156.163
452,Nichol,Pinar,npinarcj@state.gov,Female,155.67.180.9
453,Corrie,Gobbet,cgobbetck@springer.com,Female,206.120.189.195
454,Fonzie,Guillet,fguilletcl@mysql.com,Male,95.93.155.82
455,Adams,Ockendon,aockendoncm@microsoft.com,Male,154.93.172.198
456,Rochella,Mc Caghan,rmccaghancn@state.tx.us,Female,157.58.230.146
457,Lily,Dulson,ldulsonco@stumbleupon.com,Female,54.31.63.67
458,Enriqueta,Shalcros,eshalcroscp@soup.io,Genderfluid,197.229.128.96
459,Petra,Foot,pfootcq@hatena.ne.jp,Non-binary,252.126.171.159
460,Shaughn,Whiteson,swhitesoncr@tripadvisor.com,Male,43.145.134.201
461,Gillie,Amott,gamottcs@artisteer.com,Female,49.40.160.207
462,Adora,Chiene,achienect@wiley.com,Female,107.71.247.97
463,Lionel,Woodyer,lwoodyercu@yelp.com,Male,46.236.114.1
464,Helenka,Vakhonin,hvakhonincv@photobucket.com,Female,135.161.81.99
465,Mandie,Trout,mtroutcw@macromedia.com,Polygender,90.28.69.65
466,Ellsworth,Veschi,eveschicx@imdb.com,Bigender,119.90.71.171
467,Daron,Tyce,dtycecy@flavors.me,Female,21.159.55.26
468,Salvidor,Stones,sstonescz@latimes.com,Male,11.30.117.218
469,Judd,Pree,jpreed0@blog.com,Male,238.214.72.11
470,Linea,Gorghetto,lgorghettod1@artisteer.com,Non-binary,69.66.56.2
471,Nils,Pinar,npinard2@patch.com,Male,22.187.137.153
472,Ferris,Collabine,fcollabined3@go.com,Male,79.134.1.28
473,Vonny,Petrolli,vpetrollid4@opera.com,Female,208.59.105.52
474,Don,Steddall,dsteddalld5@flickr.com,Male,214.50.152.77
475,Enrica,Phifer,ephiferd6@skype.com,Genderqueer,39.166.32.73
476,Ingram,Beardwell,ibeardwelld7@nps.gov,Male,218.60.228.229
477,Guss,Giddens,ggiddensd8@walmart.com,Male,188.194.61.241
478,Alric,Sictornes,asictornesd9@cafepress.com,Male,73.47.61.141
479,Tiffany,Dobbs,tdobbsda@linkedin.com,Female,108.168.156.249
480,Connie,Jouannin,cjouannindb@salon.com,Male,160.120.204.65
481,Saxon,Martschke,smartschkedc@marketwatch.com,Male,236.21.70.15
482,Ursula,Mulligan,umulligandd@drupal.org,Female,55.207.70.52
483,Selle,Colvine,scolvinede@yelp.com,Female,161.221.98.117
484,Lynnell,Decent,ldecentdf@java.com,Female,210.245.100.255
485,Dana,Kitman,dkitmandg@columbia.edu,Female,106.117.8.117
486,Cary,Soughton,csoughtondh@comsenz.com,Female,180.175.102.199
487,Isaac,Paulig,ipauligdi@sourceforge.net,Male,29.8.224.90
488,Gasper,Le Grove,glegrovedj@netvibes.com,Bigender,110.183.175.108
489,Silvan,Bilby,sbilbydk@ocn.ne.jp,Male,93.79.225.62
490,Sapphira,Congreave,scongreavedl@yandex.ru,Polygender,214.199.230.68
491,Carmita,Melmore,cmelmoredm@cloudflare.com,Female,227.147.176.171
492,Emilie,McNellis,emcnellisdn@answers.com,Female,244.69.172.137
493,Christoper,Moynham,cmoynhamdo@aol.com,Male,19.148.123.240
494,Giustino,Edlyn,gedlyndp@opera.com,Agender,120.115.95.104
495,Kayley,Wytchard,kwytcharddq@salon.com,Female,249.204.23.49
496,Humberto,Pocknoll,hpocknolldr@cmu.edu,Male,155.173.89.213
497,Lee,Penman,lpenmands@com.com,Female,141.146.61.42
498,Nanci,Schottli,nschottlidt@netvibes.com,Female,25.195.125.7
499,Gusella,Adamson,gadamsondu@miitbeian.gov.cn,Female,235.175.113.149
500,Karena,Penley,kpenleydv@blog.com,Female,143.117.221.8
501,Lois,Romanelli,lromanellidw@ted.com,Female,253.169.123.64
502,Glen,Parsons,gparsonsdx@de.vu,Male,166.207.8.232
503,Margi,Rowden,mrowdendy@mapy.cz,Female,107.37.94.142
504,Donn,Trumper,dtrumperdz@smugmug.com,Male,183.4.104.15
505,Faustine,Baggally,fbaggallye0@fda.gov,Female,162.220.128.222
506,Ethelyn,Dollard,edollarde1@constantcontact.com,Female,101.54.248.228
507,Bee,LeEstut,bleestute2@unblog.fr,Bigender,192.133.23.112
508,North,Takle,ntaklee3@diigo.com,Male,129.223.226.10
509,Leshia,Boick,lboicke4@vk.com,Female,169.154.73.59
510,Madonna,Lamprey,mlampreye5@apache.org,Female,209.221.20.52
511,Dion,Ellson,dellsone6@wufoo.com,Female,224.222.150.25
512,Jacquelynn,Haigh,jhaighe7@opera.com,Female,235.253.124.113
513,Laird,Clemanceau,lclemanceaue8@altervista.org,Male,243.199.121.45
514,Hermon,Took,htooke9@g.co,Male,70.252.110.191
515,Gerrard,Heliet,ghelietea@goo.gl,Male,41.228.41.229
516,Sherie,Derisly,sderislyeb@accuweather.com,Female,105.248.188.147
517,Brit,Scally,bscallyec@marriott.com,Female,250.202.64.15
518,Almeta,Meardon,ameardoned@hubpages.com,Polygender,133.216.156.29
519,Brandie,Soles,bsolesee@quantcast.com,Female,25.164.178.145
520,Siward,Linfield,slinfieldef@nba.com,Male,195.150.38.218
521,Stanislaw,Dewhirst,sdewhirsteg@shop-pro.jp,Male,58.210.204.22
522,Dorris,Tabor,dtaboreh@businessinsider.com,Female,246.5.161.137
523,Liana,Sichardt,lsichardtei@smugmug.com,Female,241.241.88.158
524,Isidore,Grigorescu,igrigorescuej@paginegialle.it,Male,162.8.118.44
525,Jessie,McGeachy,jmcgeachyek@barnesandnoble.com,Male,172.99.225.163
526,Bibi,Joost,bjoostel@dell.com,Female,31.248.199.101
527,Tiler,Fawdrey,tfawdreyem@census.gov,Male,5.92.13.242
528,Tobey,Pimlock,tpimlocken@blogspot.com,Female,52.236.37.169
529,Obie,Fogg,ofoggeo@hhs.gov,Male,54.71.191.65
530,Roger,Pickerin,rpickerinep@jiathis.com,Male,74.32.86.179
531,Cammy,Stracey,cstraceyeq@zimbio.com,Female,89.161.238.79
532,Harlene,Beardshaw,hbeardshawer@t.co,Female,242.68.136.28
533,Jorie,Blaine,jblainees@marketwatch.com,Female,202.177.141.138
534,Sinclare,Colvin,scolvinet@vk.com,Male,154.24.64.232
535,Nelson,Bilbery,nbilberyeu@senate.gov,Male,130.101.77.128
536,Sebastien,MacIver,smaciverev@salon.com,Male,160.40.205.129
537,Joli,Slott,jslottew@trellian.com,Female,243.194.242.217
538,Hernando,Nannetti,hnannettiex@gizmodo.com,Non-binary,137.74.78.99
539,Wren,Scholling,wschollingey@mac.com,Female,246.57.21.92
540,Lombard,Gregr,lgregrez@github.io,Male,113.240.150.163
541,Jarib,Joscelyn,jjoscelynf0@ucoz.com,Male,5.6.93.32
542,Stavros,MacWhirter,smacwhirterf1@illinois.edu,Non-binary,37.0.167.204
543,Faber,Newcome,fnewcomef2@house.gov,Male,32.173.186.93
544,Xylia,Tatam,xtatamf3@mozilla.org,Female,86.136.131.151
545,Sher,Rintoul,srintoulf4@prlog.org,Female,247.255.85.184
546,Milt,Trousdell,mtrousdellf5@foxnews.com,Male,111.67.112.238
547,Murry,Beckenham,mbeckenhamf6@hp.com,Male,217.109.174.213
548,Philippine,Lillico,plillicof7@goo.gl,Female,204.246.4.93
549,Leona,Fadden,lfaddenf8@wordpress.com,Female,198.103.108.16
550,Grata,Stannett,gstannettf9@state.tx.us,Female,3.241.90.124
551,Moss,Piquard,mpiquardfa@123-reg.co.uk,Polygender,181.221.145.10
552,Nigel,Echalie,nechaliefb@guardian.co.uk,Male,94.2.233.168
553,Manny,Goor,mgoorfc@nasa.gov,Bigender,109.182.106.73
554,Christine,Denyukin,cdenyukinfd@omniture.com,Female,200.163.247.147
555,Antonetta,Alanbrooke,aalanbrookefe@weather.com,Non-binary,164.87.201.23
556,Vince,Glander,vglanderff@about.com,Male,56.138.192.129
557,Burt,Stubs,bstubsfg@wufoo.com,Male,108.219.82.221
558,Kit,Strickett,kstrickettfh@51.la,Female,131.195.35.22
559,Charisse,Medlin,cmedlinfi@fda.gov,Female,79.253.150.67
560,Ingra,Stothert,istothertfj@istockphoto.com,Male,139.77.60.138
561,Christiana,Shawyer,cshawyerfk@skype.com,Female,207.66.92.117
562,Zarah,Febre,zfebrefl@deviantart.com,Female,116.91.68.27
563,Lolita,Tatford,ltatfordfm@elpais.com,Female,165.141.236.242
564,Charlie,Wernher,cwernherfn@howstuffworks.com,Male,131.116.136.161
565,Nanny,Castilljo,ncastilljofo@walmart.com,Female,183.97.218.74
566,Jonie,Rangle,jranglefp@mozilla.org,Female,169.7.71.33
567,Niall,Sofe,nsofefq@creativecommons.org,Male,161.1.126.57
568,Florenza,Hail,fhailfr@census.gov,Female,116.81.140.242
569,Madella,Chimes,mchimesfs@meetup.com,Female,10.220.170.196
570,Winfred,Jeskins,wjeskinsft@about.me,Male,62.234.34.69
571,Bessy,Romme,brommefu@virginia.edu,Female,97.141.254.144
572,Colin,Attryde,cattrydefv@slashdot.org,Male,70.108.171.56
573,Eolanda,Twigg,etwiggfw@homestead.com,Female,144.115.210.164
574,Hilliard,Jenk,hjenkfx@utexas.edu,Male,39.78.132.44
575,Sim,Maty,smatyfy@biglobe.ne.jp,Male,158.28.197.224
576,Will,Kinnane,wkinnanefz@flickr.com,Male,78.197.142.17
577,Nelson,Steinhammer,nsteinhammerg0@wp.com,Male,169.101.177.45
578,Dorthy,Arenson,darensong1@umn.edu,Female,187.24.179.218
579,Lemar,Jime,ljimeg2@smugmug.com,Male,186.135.238.250
580,Martin,Gristwood,mgristwoodg3@abc.net.au,Male,8.246.96.173
581,Milly,Thulborn,mthulborng4@oakley.com,Bigender,37.223.105.199
582,Bennie,Blowes,bblowesg5@angelfire.com,Agender,216.82.160.68
583,Tobey,Jozsa,tjozsag6@flickr.com,Female,119.242.91.244
584,Sly,Dufour,sdufourg7@gov.uk,Male,49.28.217.129
585,Babita,Hevey,bheveyg8@hhs.gov,Female,67.185.142.158
586,Christoph,Ferencz,cferenczg9@meetup.com,Male,233.139.253.74
587,Ransell,Bradwell,rbradwellga@cisco.com,Male,203.37.238.13
588,Abbot,Shatford,ashatfordgb@economist.com,Male,48.133.175.229
589,Arlena,Pamphilon,apamphilongc@arstechnica.com,Female,86.160.220.106
590,Brittani,Hambidge,bhambidgegd@google.nl,Non-binary,243.134.67.166
591,Sheffield,Robathon,srobathonge@netscape.com,Male,154.65.125.107
592,Louisa,Weightman,lweightmangf@telegraph.co.uk,Female,80.179.104.102
593,Suzie,Bamblett,sbamblettgg@pcworld.com,Female,31.174.150.101
594,Dunc,Bartell,dbartellgh@businessinsider.com,Male,246.161.80.128
595,Georgianne,Hackin,ghackingi@livejournal.com,Female,45.158.97.172
596,Robyn,Esom,resomgj@dyndns.org,Bigender,189.87.165.250
597,Crawford,Ownsworth,cownsworthgk@soup.io,Male,170.184.2.214
598,Desi,Parsall,dparsallgl@joomla.org,Male,121.140.69.169
599,Nerissa,Gregh,ngreghgm@berkeley.edu,Female,63.206.107.211
600,Gardener,Misken,gmiskengn@zimbio.com,Male,156.33.80.188
601,Malachi,Dyett,mdyettgo@skype.com,Male,128.181.181.19
602,Alexandros,Badham,abadhamgp@dmoz.org,Male,229.161.125.77
603,Ferdinanda,Yegorovnin,fyegorovningq@netvibes.com,Female,127.205.36.8
604,Skelly,Pickthorn,spickthorngr@cargocollective.com,Male,9.121.223.254
605,Natty,Speechley,nspeechleygs@freewebs.com,Male,21.223.206.222
606,Jordana,Hiddy,jhiddygt@stumbleupon.com,Female,250.233.110.8
607,Stephi,Darter,sdartergu@dot.gov,Female,69.108.197.42
608,Tabitha,Martynikhin,tmartynikhingv@sphinn.com,Female,111.31.107.220
609,Sebastian,Baskerville,sbaskervillegw@eepurl.com,Male,190.49.167.111
610,Lombard,Shelliday,lshellidaygx@dailymail.co.uk,Male,46.68.218.237
611,Webster,Pendrid,wpendridgy@mlb.com,Male,142.25.168.139
612,Gates,Offin,goffingz@jigsy.com,Female,182.242.251.71
613,Dukie,Jeeves,djeevesh0@sbwire.com,Male,206.230.101.201
614,Grier,Harmond,gharmondh1@admin.ch,Female,65.121.111.3
615,Astra,Manssuer,amanssuerh2@irs.gov,Female,44.139.223.161
616,Skippy,Farraway,sfarrawayh3@goo.gl,Male,169.143.229.204
617,Danya,Achurch,dachurchh4@apache.org,Male,16.74.203.179
618,Reese,Woolen,rwoolenh5@mlb.com,Male,250.156.182.98
619,Sharai,Philps,sphilpsh6@umich.edu,Female,162.95.161.191
620,Mariam,Allin,mallinh7@moonfruit.com,Female,104.228.237.92
621,Vita,Baitson,vbaitsonh8@facebook.com,Female,74.207.30.177
622,Sheilakathryn,Frichley,sfrichleyh9@mayoclinic.com,Polygender,233.104.51.59
623,Joanie,Belden,jbeldenha@hud.gov,Female,134.228.229.50
624,Caitlin,Island,cislandhb@livejournal.com,Female,182.186.140.16
625,Queenie,Eger,qegerhc@hc360.com,Female,225.148.21.153
626,Nari,Farnan,nfarnanhd@goodreads.com,Female,89.11.153.231
627,Lizzy,Considine,lconsidinehe@google.com.br,Agender,224.45.29.60
628,Katlin,Coffelt,kcoffelthf@google.co.jp,Female,212.148.152.70
629,Renata,Poutress,rpoutresshg@163.com,Female,57.5.127.12
630,Christal,Calrow,ccalrowhh@google.com.hk,Female,90.85.183.184
631,Rickert,Shelmerdine,rshelmerdinehi@diigo.com,Male,83.174.139.161
632,Sheela,Staniforth,sstaniforthhj@nifty.com,Female,188.169.71.68
633,Bria,Hickinbottom,bhickinbottomhk@networkadvertising.org,Female,147.250.17.12
634,Thomas,Byass,tbyasshl@dropbox.com,Male,144.74.254.179
635,Harv,Bray,hbrayhm@ask.com,Male,88.233.206.97
636,Pascale,Filler,pfillerhn@about.me,Genderqueer,57.60.62.78
637,Mill,Lemar,mlemarho@google.es,Male,190.71.40.27
638,Chelsy,Buzine,cbuzinehp@businesswire.com,Female,216.188.209.0
639,Lana,Konzel,lkonzelhq@skyrock.com,Female,51.162.72.218
640,Hall,Alvis,halvishr@joomla.org,Male,100.43.121.15
641,Cletis,Blitz,cblitzhs@devhub.com,Bigender,45.108.212.163
642,Gardiner,Scothorne,gscothorneht@topsy.com,Genderqueer,101.254.183.124
643,Immanuel,Sharplin,isharplinhu@comsenz.com,Male,177.58.236.14
644,Dickie,Pucknell,dpucknellhv@mapquest.com,Male,180.222.72.68
645,Catlaina,Sanpere,csanperehw@adobe.com,Female,249.140.1.21
646,Hoyt,Roderick,hroderickhx@usatoday.com,Male,98.157.31.198
647,Solomon,Borel,sborelhy@stumbleupon.com,Male,253.86.40.53
648,Shaina,Nice,snicehz@vkontakte.ru,Female,53.114.82.16
649,Leopold,Pfeifer,lpfeiferi0@cisco.com,Male,226.72.215.118
650,Gusella,Durston,gdurstoni1@mozilla.com,Female,39.193.14.251
651,Caterina,Hinsch,chinschi2@simplemachines.org,Female,114.49.237.6
652,Igor,Demange,idemangei3@photobucket.com,Male,63.212.65.194
653,Louise,Wallbank,lwallbanki4@weibo.com,Female,187.143.148.168
654,Tudor,Lardnar,tlardnari5@cbsnews.com,Male,49.239.75.222
655,Andrea,Ghione,aghionei6@goodreads.com,Female,146.88.145.158
656,Brendin,Treeby,btreebyi7@printfriendly.com,Male,249.238.145.0
657,Hannis,Pattullo,hpattulloi8@un.org,Female,73.57.152.82
658,Prisca,Hess,phessi9@ucla.edu,Female,196.70.101.166
659,Rowena,Mundy,rmundyia@merriam-webster.com,Polygender,243.121.197.40
660,Dante,Vinas,dvinasib@unblog.fr,Male,81.61.102.24
661,Caryl,Grabert,cgrabertic@wikispaces.com,Female,91.140.131.44
662,Lorrie,Kenwright,lkenwrightid@wsj.com,Male,45.230.106.216
663,Dun,Doole,ddooleie@yandex.ru,Male,166.238.37.120
664,Jackie,Josefson,jjosefsonif@answers.com,Male,184.81.118.221
665,Tanner,Ollerton,tollertonig@webmd.com,Male,248.116.255.110
666,Janel,Thomassen,jthomassenih@ed.gov,Female,46.88.191.180
667,Ardath,McHan,amchanii@nba.com,Genderfluid,145.89.16.146
668,Mac,Willatt,mwillattij@elegantthemes.com,Male,206.44.61.178
669,Friedrick,Jiggen,fjiggenik@blogger.com,Male,17.25.108.44
670,Opalina,Ousbie,oousbieil@dmoz.org,Female,91.246.5.119
671,Esmeralda,Webben,ewebbenim@merriam-webster.com,Female,209.8.30.85
672,Jehanna,Delahunty,jdelahuntyin@foxnews.com,Female,52.175.91.239
673,Krishnah,Hacquard,khacquardio@who.int,Male,23.192.64.75
674,Dru,Sandever,dsandeverip@tinyurl.com,Polygender,144.223.234.194
675,Marsiella,Bienvenu,mbienvenuiq@twitpic.com,Female,121.247.46.14
676,Quintana,Bearham,qbearhamir@drupal.org,Female,160.77.225.102
677,Iolanthe,Belvin,ibelvinis@oracle.com,Female,120.207.57.96
678,Patrizio,Wike,pwikeit@squarespace.com,Male,92.30.241.10
679,Quinta,O'Carran,qocarraniu@scribd.com,Female,73.165.213.85
680,Krysta,Albertson,kalbertsoniv@jiathis.com,Female,9.14.122.33
681,Bone,Vitte,bvitteiw@oracle.com,Non-binary,89.16.61.176
682,Bern,Devonish,bdevonishix@google.co.jp,Male,135.77.39.81
683,Siward,Andrzejczak,sandrzejczakiy@livejournal.com,Male,168.181.58.22
684,Emilee,Farnish,efarnishiz@google.com.au,Female,224.157.104.228
685,Rowland,Outram,routramj0@usda.gov,Male,245.31.108.37
686,Ewart,Westrip,ewestripj1@abc.net.au,Male,103.209.193.64
687,Claire,Lorens,clorensj2@ihg.com,Male,94.9.207.77
688,Alverta,Clooney,aclooneyj3@drupal.org,Non-binary,78.59.204.206
689,Silvano,Scrymgeour,sscrymgeourj4@hc360.com,Male,143.39.255.213
690,Carmine,Lamb-shine,clambshinej5@cpanel.net,Male,214.125.201.138
691,Tally,Bedell,tbedellj6@google.com.hk,Female,153.77.206.31
692,Jeri,Craze,jcrazej7@independent.co.uk,Female,2.239.154.132
693,Alicea,Bloodworth,abloodworthj8@europa.eu,Female,77.104.173.145
694,Stearne,Parvin,sparvinj9@bluehost.com,Male,144.53.175.186
695,Killie,A'Barrow,kabarrowja@businessweek.com,Male,210.118.214.42
696,Michaeline,Dangerfield,mdangerfieldjb@wikispaces.com,Genderqueer,213.14.23.206
697,Almira,De'Vere - Hunt,adeverehuntjc@cnet.com,Female,88.151.165.87
698,Kylie,Kemston,kkemstonjd@mlb.com,Male,190.209.167.31
699,Amble,Clerk,aclerkje@mediafire.com,Male,246.50.103.133
700,Bruno,Hallyburton,bhallyburtonjf@barnesandnoble.com,Male,101.113.102.121
701,Ursula,Lissimore,ulissimorejg@example.com,Female,56.20.251.86
702,Lyndsey,Cripwell,lcripwelljh@sohu.com,Female,12.196.241.116
703,Reinold,Carlson,rcarlsonji@dyndns.org,Male,173.217.43.36
704,Drucy,Pasek,dpasekjj@google.com.hk,Female,200.189.221.150
705,Kellyann,Kingsland,kkingslandjk@behance.net,Female,238.9.78.111
706,Tawsha,MacAskie,tmacaskiejl@mozilla.com,Female,180.239.138.227
707,Sinclair,Schermick,sschermickjm@tamu.edu,Male,85.19.133.137
708,Grant,Steely,gsteelyjn@w3.org,Male,242.217.210.15
709,Em,Menchenton,emenchentonjo@smh.com.au,Male,18.86.72.149
710,Sherwynd,Krojn,skrojnjp@comsenz.com,Male,125.32.172.236
711,Jordana,Brimley,jbrimleyjq@exblog.jp,Genderqueer,250.220.191.2
712,Hal,Willbraham,hwillbrahamjr@dailymail.co.uk,Male,120.111.64.213
713,Drusy,McCaughren,dmccaughrenjs@issuu.com,Female,151.176.253.87
714,Montague,Beal,mbealjt@marketwatch.com,Male,28.251.173.192
715,Melina,Aylwin,maylwinju@privacy.gov.au,Female,125.49.229.124
716,Berk,Turnell,bturnelljv@histats.com,Male,134.238.42.252
717,Heall,Solly,hsollyjw@mashable.com,Male,180.205.147.146
718,Hans,Berthod,hberthodjx@accuweather.com,Male,4.14.132.196
719,Ring,Kinahan,rkinahanjy@photobucket.com,Male,11.48.48.78
720,Gennifer,Lowndesbrough,glowndesbroughjz@pen.io,Female,253.57.137.71
721,Free,Parley,fparleyk0@cnet.com,Male,14.223.150.21
722,Dorian,McMains,dmcmainsk1@sfgate.com,Male,135.141.60.208
723,Allix,Melley,amelleyk2@reverbnation.com,Female,87.237.154.62
724,Becki,Domanek,bdomanekk3@vistaprint.com,Female,233.171.26.188
725,Deidre,Newcombe,dnewcombek4@cisco.com,Female,26.216.199.60
726,Judi,Padson,jpadsonk5@nasa.gov,Genderfluid,250.40.186.220
727,Lane,McMennum,lmcmennumk6@vkontakte.ru,Female,186.125.105.192
728,Pepito,Govier,pgovierk7@wordpress.com,Genderqueer,153.94.233.4
729,Thorny,Fasse,tfassek8@bing.com,Genderqueer,94.139.223.91
730,Phineas,Demangeon,pdemangeonk9@51.la,Male,31.55.35.163
731,Nate,Hindenburg,nhindenburgka@wunderground.com,Male,99.18.83.128
732,Marcello,Boorer,mboorerkb@moonfruit.com,Male,193.241.46.103
733,Elyssa,Byres,ebyreskc@gmpg.org,Female,81.45.126.217
734,Kym,Wolffers,kwolfferskd@artisteer.com,Female,209.1.9.110
735,Heidi,Pennone,hpennoneke@engadget.com,Female,11.183.15.63
736,Humfried,Bowring,hbowringkf@hatena.ne.jp,Male,42.126.107.127
737,Joana,Jarvis,jjarviskg@w3.org,Female,250.12.218.7
738,Farlay,Gosneye,fgosneyekh@w3.org,Male,187.158.18.115
739,Alys,Goodbur,agoodburki@cisco.com,Female,173.155.110.179
740,Quincy,Tchaikovsky,qtchaikovskykj@mapquest.com,Male,201.117.152.9
741,Kathy,Salvage,ksalvagekk@guardian.co.uk,Female,18.52.37.238
742,Noel,Bust,nbustkl@ustream.tv,Agender,11.246.13.70
743,Andriana,Roggerone,aroggeronekm@odnoklassniki.ru,Female,79.114.30.166
744,Bunni,Scotchforth,bscotchforthkn@printfriendly.com,Female,236.153.96.103
745,Tabatha,Elphee,telpheeko@shareasale.com,Female,47.65.19.110
746,Kelley,Moyle,kmoylekp@angelfire.com,Female,182.223.47.50
747,Darnall,Gorry,dgorrykq@intel.com,Male,191.52.138.208
748,Shamus,Lenchenko,slenchenkokr@posterous.com,Male,160.45.111.158
749,Zane,Tatters,ztattersks@scientificamerican.com,Male,236.70.144.168
750,Haleigh,Maciaszek,hmaciaszekkt@quantcast.com,Male,126.247.182.148
751,Ardelia,Hewins,ahewinsku@biblegateway.com,Female,89.16.158.194
752,Melosa,Loynes,mloyneskv@creativecommons.org,Female,200.24.252.184
753,Raynor,Gollin,rgollinkw@ebay.co.uk,Male,41.161.56.247
754,Gus,Conws,gconwskx@diigo.com,Female,209.220.183.106
755,Gustave,Dechelle,gdechelleky@live.com,Male,71.122.152.161
756,Niels,Staff,nstaffkz@dyndns.org,Male,195.195.239.187
757,Mady,Vesty,mvestyl0@imageshack.us,Female,158.85.4.38
758,Ardyth,Coultas,acoultasl1@wsj.com,Female,52.166.191.253
759,Inger,Oldroyd,ioldroydl2@rakuten.co.jp,Male,40.23.141.81
760,Hastings,Faustin,hfaustinl3@barnesandnoble.com,Male,189.77.138.2
761,Barrie,Bassom,bbassoml4@elpais.com,Male,131.167.110.4
762,Scarface,Silverman,ssilvermanl5@technorati.com,Male,204.57.0.199
763,Theodosia,Hawken,thawkenl6@dmoz.org,Female,196.210.200.84
764,Celestina,Batthew,cbatthewl7@weather.com,Female,22.80.59.232
765,Idaline,Jochanany,ijochananyl8@i2i.jp,Female,119.183.190.147
766,Gare,Thys,gthysl9@51.la,Male,91.169.198.72
767,Vincenty,Reddin,vreddinla@furl.net,Male,76.13.24.54
768,Magdaia,Paget,mpagetlb@naver.com,Female,132.205.177.42
769,Kasper,Leale,klealelc@surveymonkey.com,Genderqueer,116.130.192.16
770,Rosemarie,Rennocks,rrennocksld@google.com.hk,Female,214.24.180.223
771,Fields,Filippozzi,ffilippozzile@washington.edu,Male,184.171.91.118
772,Aura,Jahner,ajahnerlf@oaic.gov.au,Female,227.69.9.45
773,Shelbi,Stogill,sstogilllg@sogou.com,Female,166.251.193.101
774,Hillard,Duffree,hduffreelh@scientificamerican.com,Male,112.77.139.79
775,Luther,Harford,lharfordli@youtube.com,Bigender,200.118.155.10
776,Kort,Blenkensop,kblenkensoplj@sohu.com,Male,183.71.84.237
777,Cooper,McFeate,cmcfeatelk@mail.ru,Male,161.170.31.33
778,Kit,Packe,kpackell@npr.org,Female,40.12.118.198
779,Fayette,Birchner,fbirchnerlm@technorati.com,Female,156.104.156.165
780,Jillane,Follett,jfollettln@pinterest.com,Female,97.79.182.21
781,Kenyon,Mummery,kmummerylo@ustream.tv,Male,51.28.185.44
782,Nissie,Puttergill,nputtergilllp@tamu.edu,Female,111.149.186.128
783,Jaimie,Matei,jmateilq@biglobe.ne.jp,Male,156.45.221.15
784,Seumas,Penburton,spenburtonlr@friendfeed.com,Male,197.212.20.102
785,Larry,Fawson,lfawsonls@sbwire.com,Male,129.90.217.232
786,Rafaelia,Mercer,rmercerlt@feedburner.com,Female,163.98.197.210
787,Mayor,Warkup,mwarkuplu@360.cn,Male,51.54.254.6
788,Mac,Brighouse,mbrighouselv@phoca.cz,Non-binary,141.57.33.245
789,Ashley,Di Dello,adidellolw@surveymonkey.com,Non-binary,195.178.49.176
790,Katleen,Jacobbe,kjacobbelx@timesonline.co.uk,Female,177.62.5.37
791,Brandice,Jenman,bjenmanly@hao123.com,Female,103.168.86.203
792,Rriocard,Le Huquet,rlehuquetlz@newsvine.com,Male,193.234.218.12
793,Dorelia,Valero,dvalerom0@chronoengine.com,Female,100.155.122.79
794,Duffy,Queyeiro,dqueyeirom1@wordpress.com,Male,49.133.55.38
795,Kassandra,Schruyers,kschruyersm2@ocn.ne.jp,Female,135.205.47.4
796,Xylina,Farmiloe,xfarmiloem3@altervista.org,Female,159.4.221.88
797,Minnaminnie,Beharrell,mbeharrellm4@fema.gov,Female,76.219.25.206
798,Selestina,Sackey,ssackeym5@dailymail.co.uk,Female,116.89.170.133
799,Jocelin,Chandlar,jchandlarm6@51.la,Female,229.79.159.2
800,Dorolisa,Timothy,dtimothym7@ted.com,Genderfluid,161.198.246.96
801,Claudian,Botwright,cbotwrightm8@naver.com,Male,85.154.188.185
802,Herb,Von Welden,hvonweldenm9@google.fr,Male,159.104.22.221
803,Alberik,Bohman,abohmanma@google.es,Male,5.243.88.202
804,Rosanna,Asplin,rasplinmb@sina.com.cn,Female,124.75.225.49
805,Spenser,Heis,sheismc@hhs.gov,Polygender,31.20.17.77
806,Guss,Gellately,ggellatelymd@google.com.hk,Male,253.77.165.47
807,Hildegarde,Ginnane,hginnaneme@nba.com,Female,77.174.195.155
808,Erda,Crocombe,ecrocombemf@sphinn.com,Female,105.19.119.148
809,Terrell,Genney,tgenneymg@state.tx.us,Male,187.145.70.130
810,Regan,McMoyer,rmcmoyermh@google.pl,Male,39.100.91.10
811,Rosaline,Lillywhite,rlillywhitemi@a8.net,Female,181.34.99.43
812,Abbye,Farragher,afarraghermj@github.com,Female,250.160.15.175
813,Floyd,Dolman,fdolmanmk@51.la,Male,17.60.97.44
814,Rufe,Rousel,rrouselml@apache.org,Male,90.131.245.78
815,Arabele,Castlake,acastlakemm@xrea.com,Female,36.190.230.121
816,Isadore,Woodes,iwoodesmn@umich.edu,Genderfluid,61.200.173.233
817,Marie-jeanne,Syme,msymemo@taobao.com,Female,24.174.33.66
818,Kary,Mattock,kmattockmp@hp.com,Female,27.149.226.104
819,Alie,Taunton.,atauntonmq@indiegogo.com,Female,230.39.234.101
820,Avis,Cronin,acroninmr@ifeng.com,Female,237.102.120.4
821,Bronnie,Jillard,bjillardms@patch.com,Male,148.27.66.95
822,Teirtza,Barstow,tbarstowmt@washington.edu,Female,198.0.49.7
823,Felix,Grant,fgrantmu@miibeian.gov.cn,Male,123.162.86.131
824,Ceil,Greaterex,cgreaterexmv@netscape.com,Female,241.79.233.44
825,Susi,Hedingham,shedinghammw@europa.eu,Female,18.187.242.197
826,Louis,Sunnex,lsunnexmx@china.com.cn,Male,169.42.34.227
827,Boy,Yerrell,byerrellmy@businessinsider.com,Male,44.46.147.144
828,De,Bather,dbathermz@qq.com,Female,85.153.9.119
829,Arnoldo,Glasscoe,aglasscoen0@51.la,Male,220.32.224.112
830,Dot,Scott,dscottn1@google.ru,Female,220.199.174.51
831,Heidi,Baroux,hbarouxn2@bbc.co.uk,Female,177.237.59.73
832,Dannel,Bellingham,dbellinghamn3@bigcartel.com,Agender,76.91.252.114
833,Magdalena,Tryme,mtrymen4@last.fm,Agender,216.8.197.5
834,Cull,Elsmere,celsmeren5@woothemes.com,Male,52.14.241.174
835,Allan,Daily,adailyn6@lycos.com,Male,90.70.210.96
836,Gert,Mowbray,gmowbrayn7@uiuc.edu,Female,238.232.33.126
837,Amalee,Brunnstein,abrunnsteinn8@va.gov,Female,147.66.48.42
838,Deeyn,Grunder,dgrundern9@jalbum.net,Female,65.134.6.193
839,Chantalle,Vella,cvellana@economist.com,Female,114.208.45.235
840,Kizzie,Poston,kpostonnb@apache.org,Female,176.76.50.154
841,Kamila,Edridge,kedridgenc@miibeian.gov.cn,Female,227.200.150.54
842,Shellie,Sealove,ssealovend@patch.com,Female,164.152.59.146
843,Dorthea,Stockall,dstockallne@mysql.com,Female,112.161.16.157
844,Lars,Olkowicz,lolkowicznf@marketwatch.com,Male,246.206.150.82
845,Lonni,Paullin,lpaullinng@flickr.com,Female,241.168.193.176
846,Nicolai,Warmisham,nwarmishamnh@jimdo.com,Male,226.89.248.152
847,Robbie,Grumble,rgrumbleni@imgur.com,Male,83.90.156.128
848,Neda,Croneen,ncroneennj@army.mil,Female,239.95.143.40
849,Edita,Eastmead,eeastmeadnk@surveymonkey.com,Female,184.195.41.252
850,Pennie,McGerraghty,pmcgerraghtynl@thetimes.co.uk,Female,169.247.126.163
851,Brendis,Robertacci,brobertaccinm@goo.gl,Male,125.16.121.22
852,Wrennie,Crowthe,wcrowthenn@zimbio.com,Female,19.122.127.184
853,Husein,Davidesco,hdavidescono@goo.ne.jp,Bigender,89.12.3.94
854,Aleksandr,Franies,afraniesnp@hhs.gov,Male,148.233.159.186
855,Armand,Keeling,akeelingnq@bandcamp.com,Male,98.202.236.250
856,Linnet,Boyle,lboylenr@nationalgeographic.com,Female,127.182.193.237
857,Teresina,Snoden,tsnodenns@blinklist.com,Female,161.9.37.168
858,Thebault,Patman,tpatmannt@smugmug.com,Male,247.239.53.137
859,Marji,Bracco,mbracconu@opensource.org,Female,128.255.20.109
860,Gamaliel,Haynesford,ghaynesfordnv@ifeng.com,Male,154.124.107.92
861,Aileen,Skewis,askewisnw@xrea.com,Female,170.214.184.7
862,Arnoldo,Hackwell,ahackwellnx@arstechnica.com,Male,29.58.199.123
863,Dinnie,Aulsford,daulsfordny@friendfeed.com,Female,63.200.79.248
864,Durante,Element,delementnz@bloomberg.com,Male,96.25.73.253
865,Alidia,Coryndon,acoryndono0@ezinearticles.com,Female,11.171.78.143
866,Gerard,Goodwell,ggoodwello1@senate.gov,Male,127.164.138.245
867,Andreas,Beynke,abeynkeo2@deliciousdays.com,Genderqueer,36.91.248.19
868,Garik,Berks,gberkso3@soup.io,Male,112.224.167.82
869,Ninon,Verdie,nverdieo4@delicious.com,Female,167.132.207.34
870,Flint,Spofford,fspoffordo5@goodreads.com,Male,3.20.58.129
871,Odilia,Tivnan,otivnano6@cnn.com,Non-binary,188.80.147.32
872,Tab,Macvain,tmacvaino7@com.com,Male,42.251.17.74
873,Giffy,Pontefract,gpontefracto8@lycos.com,Male,55.195.186.14
874,Dev,MacGauhy,dmacgauhyo9@walmart.com,Male,21.235.124.105
875,Humfrid,Dayne,hdayneoa@nba.com,Male,72.238.199.15
876,Tina,Cosely,tcoselyob@vkontakte.ru,Female,79.57.2.119
877,Eddi,Daltrey,edaltreyoc@sphinn.com,Female,176.215.70.5
878,Annamarie,Joyce,ajoyceod@bloglines.com,Female,83.3.209.142
879,Druci,Tortoishell,dtortoishelloe@wired.com,Female,182.163.89.26
880,Carmelina,Bearn,cbearnof@prnewswire.com,Female,108.113.107.206
881,Martie,Loggie,mloggieog@home.pl,Agender,134.174.78.159
882,Ellene,Scotchmur,escotchmuroh@whitehouse.gov,Female,71.186.94.24
883,Sidney,Redon,sredonoi@gov.uk,Male,134.152.22.34
884,Stanwood,Hanhart,shanhartoj@unesco.org,Male,30.155.196.34
885,Doug,Pien,dpienok@virginia.edu,Bigender,105.166.117.134
886,Denny,Budleigh,dbudleighol@blogtalkradio.com,Non-binary,7.122.33.121
887,Junina,Grimble,jgrimbleom@uol.com.br,Female,177.63.179.238
888,Hoebart,Timeby,htimebyon@51.la,Male,246.172.56.40
889,Wenonah,Brushneen,wbrushneenoo@deviantart.com,Female,159.13.223.249
890,Mallorie,Nevett,mnevettop@myspace.com,Female,234.172.135.158
891,Cindie,Licciardello,clicciardellooq@lulu.com,Female,246.228.250.55
892,Lauryn,Salvidge,lsalvidgeor@prweb.com,Female,175.68.232.37
893,Wernher,Sinott,wsinottos@stanford.edu,Male,79.160.54.95
894,Care,Lehrer,clehrerot@accuweather.com,Male,24.138.11.126
895,Sybille,Sommerville,ssommervilleou@vinaora.com,Female,191.160.74.146
896,Humphrey,Vanyatin,hvanyatinov@fda.gov,Male,179.105.140.40
897,Basile,Finley,bfinleyow@skype.com,Male,72.75.192.193
898,Jaime,Hatherleigh,jhatherleighox@seattletimes.com,Male,212.22.181.31
899,Ruggiero,Pavlasek,rpavlasekoy@networkadvertising.org,Male,112.70.207.17
900,Hulda,Petyankin,hpetyankinoz@naver.com,Female,17.182.82.237
901,Rudolf,Wavell,rwavellp0@amazon.com,Male,125.202.152.94
902,Corney,Budgeon,cbudgeonp1@cafepress.com,Male,81.17.95.9
903,Jeanelle,Tibalt,jtibaltp2@reference.com,Female,171.88.178.90
904,Bibbie,Worswick,bworswickp3@desdev.cn,Female,173.40.6.74
905,Jacinda,Hucks,jhucksp4@g.co,Female,133.21.169.225
906,Humfrid,Turnor,hturnorp5@github.com,Genderfluid,248.9.0.63
907,Rayner,Witton,rwittonp6@t.co,Male,155.30.191.175
908,Felipe,Bogays,fbogaysp7@newyorker.com,Male,167.50.166.79
909,Welch,Yousef,wyousefp8@elpais.com,Male,78.85.224.162
910,Skipper,Kernocke,skernockep9@prweb.com,Male,169.163.9.96
911,Darcy,Fusco,dfuscopa@ask.com,Male,105.92.166.190
912,Gerhardt,Brunning,gbrunningpb@163.com,Male,40.188.142.165
913,Ines,Caldes,icaldespc@gov.uk,Female,212.214.24.24
914,Steffie,Pace,spacepd@godaddy.com,Female,49.239.175.241
915,Imogen,Ginger,igingerpe@indiegogo.com,Female,150.72.132.100
916,Demott,Kraut,dkrautpf@blogspot.com,Male,62.139.114.29
917,Theo,Basnett,tbasnettpg@globo.com,Female,223.193.134.37
918,Arlan,Scholte,ascholteph@sogou.com,Male,80.233.145.174
919,Ardis,Tulk,atulkpi@lulu.com,Female,7.1.246.152
920,Linnell,Ourry,lourrypj@storify.com,Female,189.145.94.160
921,Ralf,Tate,rtatepk@bing.com,Male,188.48.229.5
922,Nolie,Iacovaccio,niacovacciopl@php.net,Female,163.62.223.64
923,Nappy,Boughton,nboughtonpm@youku.com,Male,39.225.120.101
924,Margot,Stollard,mstollardpn@cbc.ca,Female,121.49.255.177
925,Cleve,Towers,ctowerspo@woothemes.com,Male,183.92.111.39
926,Flss,Sayse,fsaysepp@biblegateway.com,Female,85.100.227.124
927,Kasper,Sall,ksallpq@phoca.cz,Male,44.50.56.227
928,Keri,Brendish,kbrendishpr@biglobe.ne.jp,Female,252.100.33.168
929,Zolly,Chitter,zchitterps@chron.com,Male,87.143.43.21
930,Lira,Fontaine,lfontainept@china.com.cn,Female,42.159.9.193
931,Odelle,Dryburgh,odryburghpu@senate.gov,Female,46.38.194.72
932,Clarita,Pladen,cpladenpv@bloomberg.com,Female,58.24.19.112
933,Corinne,Cariss,ccarisspw@yahoo.co.jp,Female,115.75.80.151
934,Sherry,Timothy,stimothypx@elpais.com,Female,215.225.211.102
935,Rinaldo,Egdal,regdalpy@amazon.com,Male,253.200.18.78
936,Corny,McKennan,cmckennanpz@parallels.com,Female,9.180.79.131
937,Leslie,Challicum,lchallicumq0@example.com,Female,224.217.237.89
938,Rodney,Kingswold,rkingswoldq1@jugem.jp,Male,130.168.33.97
939,Sherlocke,Stansfield,sstansfieldq2@sciencedirect.com,Male,76.95.151.108
940,Elspeth,Weatherdon,eweatherdonq3@fda.gov,Female,55.134.212.198
941,Berne,Mougenel,bmougenelq4@livejournal.com,Male,84.228.173.90
942,Ransell,Halm,rhalmq5@desdev.cn,Male,95.229.210.229
943,Britteny,Dutnall,bdutnallq6@hugedomains.com,Female,22.112.255.14
944,Yorgo,Dibble,ydibbleq7@bloomberg.com,Male,155.141.19.137
945,Dominick,McGeever,dmcgeeverq8@flavors.me,Male,250.175.126.6
946,Joycelin,Grigorey,jgrigoreyq9@4shared.com,Female,164.102.62.214
947,Georgianne,Thairs,gthairsqa@imgur.com,Polygender,227.170.133.88
948,Fannie,Spickett,fspickettqb@dropbox.com,Female,158.100.253.74
949,Yard,Peckett,ypeckettqc@whitehouse.gov,Male,43.62.24.245
950,Margareta,Hughson,mhughsonqd@pagesperso-orange.fr,Female,51.51.190.255
951,Lurette,Pires,lpiresqe@vk.com,Female,108.145.243.2
952,Aharon,Lowrey,alowreyqf@bravesites.com,Male,123.227.23.94
953,Donica,Tanzig,dtanzigqg@virginia.edu,Agender,11.1.246.6
954,Son,Cattach,scattachqh@google.cn,Male,4.119.76.239
955,Gerhardine,Keppy,gkeppyqi@furl.net,Female,53.43.233.130
956,Yance,Eyden,yeydenqj@bloglines.com,Male,111.175.199.215
957,Sibeal,Sutherley,ssutherleyqk@blogger.com,Female,36.213.73.67
958,Clo,Bywaters,cbywatersql@dagondesign.com,Genderqueer,85.125.44.208
959,Sapphire,Trevna,strevnaqm@oracle.com,Female,143.114.120.33
960,Moe,Fortman,mfortmanqn@hud.gov,Male,24.13.161.224
961,Conny,Eyree,ceyreeqo@state.gov,Female,254.16.143.197
962,Hildegarde,Clinch,hclinchqp@wikipedia.org,Female,116.167.172.101
963,Merrilee,Crinidge,mcrinidgeqq@bloglovin.com,Female,30.137.165.212
964,Sloane,Bettison,sbettisonqr@rambler.ru,Male,239.10.25.127
965,Viviene,Pettus,vpettusqs@adobe.com,Female,218.22.81.7
966,Trueman,Hallor,thallorqt@comcast.net,Male,230.131.58.37
967,Ginelle,Biddlecombe,gbiddlecombequ@quantcast.com,Agender,6.48.110.118
968,Kristoffer,Fiddian,kfiddianqv@de.vu,Male,15.57.60.185
969,Rora,Gecke,rgeckeqw@wix.com,Female,32.229.191.19
970,Lianna,Biggans,lbiggansqx@theguardian.com,Female,245.135.103.213
971,Sancho,Ashwin,sashwinqy@independent.co.uk,Male,226.218.49.152
972,Fawne,Coultass,fcoultassqz@zimbio.com,Female,143.42.245.123
973,Andriette,Crombleholme,acrombleholmer0@cdbaby.com,Genderfluid,73.131.76.80
974,Elbertine,Eakeley,eeakeleyr1@columbia.edu,Non-binary,187.21.135.17
975,Maxy,Obert,mobertr2@cloudflare.com,Female,172.173.222.145
976,Artemis,Hambly,ahamblyr3@cnbc.com,Male,150.220.249.57
977,Tobin,Hanbury,thanburyr4@biblegateway.com,Male,242.18.159.60
978,Johannes,Gruszka,jgruszkar5@nsw.gov.au,Male,197.115.10.65
979,Keenan,Boylund,kboylundr6@google.es,Male,237.143.198.213
980,Chicky,McIlherran,cmcilherranr7@gov.uk,Male,141.153.221.88
981,Analiese,Daine,adainer8@jigsy.com,Female,228.11.220.93
982,Hatti,Carle,hcarler9@angelfire.com,Female,102.83.37.45
983,Allen,Wyley,awyleyra@dell.com,Male,5.229.89.131
984,Elwin,Lidgard,elidgardrb@skyrock.com,Male,233.29.46.52
985,Antonia,Kermit,akermitrc@surveymonkey.com,Female,171.88.42.87
986,Greg,Charters,gchartersrd@disqus.com,Male,233.246.24.139
987,Karylin,Garvin,kgarvinre@w3.org,Genderfluid,62.164.221.128
988,Kristofor,Waycott,kwaycottrf@princeton.edu,Male,177.178.233.120
989,Cherilyn,Rumke,crumkerg@myspace.com,Female,116.70.60.227
990,Tallie,Fuentes,tfuentesrh@tumblr.com,Male,76.37.196.41
991,Giorgi,Leyband,gleybandri@state.gov,Male,186.49.14.43
992,Minta,Oleszcuk,moleszcukrj@pen.io,Female,53.98.108.82
993,Annora,Padgett,apadgettrk@gmpg.org,Female,202.215.211.206
994,Dame,Cardenas,dcardenasrl@answers.com,Agender,247.106.1.5
995,Nestor,Jorn,njornrm@parallels.com,Male,77.167.153.73
996,Trumann,Cansdale,tcansdalern@sitemeter.com,Male,232.233.57.217
997,Arlinda,O'Longain,aolongainro@deviantart.com,Female,47.218.178.206
998,Maxie,Dewdney,mdewdneyrp@mapquest.com,Female,159.88.173.37
999,Debbie,Petrillo,dpetrillorq@china.com.cn,Female,60.227.247.21
1000,Glenda,Blonfield,gblonfieldrr@eventbrite.com,Female,87.235.99.86
